1|IC|1|Hepatitis B is caused by a|bacteria|parasite|fungus|virus|導致乙型肝炎的主因是:|細菌|寄生蟲|真菌|病毒|80|Y|2013-07-25|D
2|IC|2|Tuberculosis is caused by a|bacteria|parasite|fungus|virus|導致肺結核的主因是:|細菌|寄生蟲|真菌|病毒|80|Y|2013-07-25|A
3|IC|3|An effective technique for sterilizing equipment is|dry heat sterilizer|ultraviolet sterilizer|immersion in rapidly boiling water|scrubbing with 70% isopropyl alcohol|對器具進行滅菌的一種有效方法是:|使用幹熱滅菌器|使用紫外線消毒器|浸泡在沸水中|用70％的酒精擦洗|80|Y|2013-07-25|A
4|IC|4|Which of the following statements identifies the correct process for sterilization?|sterilization followed by thorough cleaning|sterilization followed by thorough disinfection|thorough pre-cleaning followed by sterilization|pre-cleaning, followed by sterilization, followed by towel drying|以下哪種陳述是正確的滅菌過程?|滅菌後徹底清潔|滅菌後徹底消毒|徹底預清潔後滅菌|預清潔，然後滅菌，最後用毛巾擦乾|80|Y|2013-07-25|C
5|IC|5|Between outbreaks, infectious agents live and grow in|reservoirs|portals of entry|vulnerable hosts|pathogenic agents|在傳染病發病至發病之間，傳染性病原體生長在:|傳染源|侵入途徑|易受感染宿主|致病因子|80|Y|2013-07-25|A
6|IC|6|An infection as a result of a inhaling infectious dust particles is an example of|direct contact transmission|indirect contact transmission|droplet transmission|airborne transmission|因吸入有傳染性的灰塵顆粒導致傳染病的例子描述的是:|直接接觸傳播|間接接觸傳播|飛沫傳播|空氣傳播|80|Y|2013-07-25|D
7|IC|7|An infection as a result of touching a contaminated work surface is an example of|direct contact transmission|indirect contact transmission|droplet transmission|airborne transmission|因接觸受污染的工作檯面導致傳染病的例子描述的是：|直接接觸傳播|間接接觸傳播|飛沫傳播|空氣傳播|80|Y|2013-07-25|B
8|IC|8|An infection as a result of a mosquito bite is an example of|direct contact transmission|vector-borne transmission|airborne transmission|vehicle transmission|由於蚊子叮咬導致傳染病的例子描述的是:|直接接觸傳播|蟲媒傳播|空氣傳播|共同媒介物傳播|80|Y|2013-07-25|B
9|IC|9|An example of an infection caused by droplet transmission is|gastrointestinal infection|influenza|tuberculosis|measles|通過飛沫傳播導致的傳染病是:|胃腸道傳染病|流感|肺結核|麻疹|80|Y|2013-07-25|B
10|IC|10|An example of an infection caused by direct contact transmission is|gastrointestinal infection|influenza|tuberculosis|measles|通過直接接觸傳播導致的傳染病是:|胃腸道傳染病|流感|肺結核|麻疹|80|Y|2013-07-25|A
11|IC|11|To limit the spread of flu and colds, TCM practitioners and staff are encouraged to|use clean needle techniques|practice respiratory etiquette|safely dispose of biohazard waste|limit exposure to blood-borne pathogens|為減少流感和感冒的傳播，建議中醫執業醫師及診所員工|使用潔針技術|慣常地實施呼吸衛生禮儀|安全處置生物危害廢品|避免血源性病原體的曝露|80|Y|2013-07-25|B
12|IC|12|Which of the following is the LEAST effective means to reduce risks associated with Hepatitis B?|immunization|safe needle disposal|wear a medical mask|limit exposure to blood-borne pathogens|下列哪項是減少乙型肝炎風險最無效的手段？|防疫注射|安全處置針具|佩戴醫用口罩|避免血源性病原體的曝露|80|Y|2013-07-25|C
13|IC|13|Currently, there is no vaccine to prevent|Hepatitis A|Hepatitis B|Hepatitis C|Tetanus|目前，還沒有一種疫苗可以預防:|甲型肝炎|乙型肝炎|丙型肝炎|破傷風|80|Y|2013-07-25|C
14|IC|14|Disinfecting is a process that|removes all surface dirt prior to sterilization|kills many micro-organisms but not bacterial spores|destroys bacterial spores using strong chemicals|allows for critical items to be reprocessed or re-used|消毒是指以下的一個過程:|滅菌前除去所有表面污垢|殺死多種微生物,但不包括細菌孢子|使用強烈的化學物質破壞細菌孢子|允許危險性用品進行再處理或再利用|80|Y|2013-07-25|B
15|IC|15|Which of the following is not considered a “routine practice” for infection control in a TCM/A practice?|maintaining all equipment in good working order|disposing of sharps in a puncture-resistant container|washing your hands before and after treating the patient|using personal protective equipment based on a risk assessment|在中醫針灸執業中，下列哪項不被認為是控制感染的“常規做法”？|保持所有設備在良好的工作狀態|棄置尖利物品在耐穿刺的容器中|治療病人前後洗手|依據風險的評估使用個人防護裝備|80|Y|2013-07-25|A
16|IC|16|The recommended strategy for practitioners with a herpetic finger infection is to|use medical gloves while delivering treatment to patients.|not make contact with patients until infection is fully healed.|wash hands immediately before and after delivering treatment to patients.|use water-proof bandages on the infected area while delivering treatment to patients.|對於患有疱疹性手指感染的執業醫師, 所建議的策略是:|為患者治療的同時使用醫用手套。|不與患者接觸,直到感染完全治癒。|為患者提供治療前後立即洗手。|為患者治療的同時在受感染區域使用防水繃帶。|80|Y|2013-07-25|B
17|IC|17|Of the statements provided, which choice would be the most effective infection control practice in a TCM/A office?|All blood spills are cleaned thoroughly at the end of the work week.|Staff uses utility gloves when handling soiled linens or disinfecting work surfaces.|Patient treatment areas are equipped with smoke detectors and fire extinguishers.|Immunizations have possible side effects, so staff should avoid getting the annual flu vaccine.|根據以下陳述，哪項選擇應是在中醫/針灸診所最有效的傳染病控制慣例？|工作週結束時徹底清潔所有的血液污垢。|工作人員處理弄髒的床單或消毒工作檯面時應使用工作手套。|病人的治療區域须配有煙霧探測器和滅火器。|預防接種可能會產生副作用，因此工作人員應盡量避免每年的流感疫苗防疫注射。|80|Y|2013-07-25|B
18|IC|18|Of the statements provided, which choice best describes infection control responsibilities in a TCM/A office?|Adherence to infection control procedures is required of the practitioner, but is optional for clinical staff.|The practitioner can assign responsibility for adherence to infection control procedures to a designated staff member.|Patients have the responsibility to request that practitioners adhere to proper infection control procedures.|Practitioners and staff both have responsibility for adhering to infection control guidelines.|根據以下陳述，在中醫/針灸診所哪項選擇最能形容傳染病控制的責任？|執業醫師必須遵守傳染病控制程序，但診所員工無須強制。|執業醫師可以分配責任到指定的員工以遵守傳染病控制程序。|患者有責任要求執業醫師堅持正確的傳染病控制程序。|執業醫師和工作人員都有責任遵守傳染病控制指引。|80|Y|2013-07-25|D
19|IC|19|Consider the following two statements.</br>1) Infection can occur with or without skin penetration.</br>2) Routine practices apply at all times with all patients.</br>Which of the following identifies the correct statement or statements from the two listed above.|Both statements are true.|Only statement 1 is true.|Only statement 2 is true.|Neither statement is true.|仔細考慮下列兩個陳述：</br>1）無論是否刺入皮膚，感染均可以發生。</br>2）執業常規適用於任何時候及所有的患者。</br>據以上兩個陳述，下列哪項是正確的？|兩者均正確。|只有陳述1正確。|只有陳述2正確。|兩者均錯誤。|80|Y|2013-07-25|A
20|IC|20|Consider the following two statements.</br>1) Tetanus can be prevented with vaccine.</br>2) Hepatitis B can be prevented with vaccine.</br>Which of the following identifies the correct statement or statements from the two listed above.|Both statements are true.|Only statement 1 is true.|Only statement 2 is true.|Neither statement is true.|仔細考慮下列兩個陳述：</br>1）防疫注射可以預防破傷風。</br>2）防疫注射可以預防乙型肝炎。</br>據以上兩個陳述，下列哪項是正確的？|兩者均正確。|只有陳述1正確。|只有陳述2正確。|兩者均錯誤。|80|Y|2013-07-25|A
21|IC|21|Consider the following two statements.</br>1) Hand washing should be done after removing medical gloves.</br>2) Visibly soiled hands are best cleaned with alcohol-based hand rubs.</br>Which of the following identifies the correct statement or statements from the two listed above.|Both statements are true.|Only statement 1 is true.|Only statement 2 is true.|Neither statement is true.|仔細考慮下列兩個陳述：</br>1）去除醫用手套後應洗手。</br>2）有明顯污垢的手最好用酒精擦手清潔。</br>據以上兩個陳述，下列哪項是正確的？|兩者均正確。|只有陳述1正確。|只有陳述2正確。|兩者均錯誤。|80|Y|2013-07-25|B
22|IC|22|Consider the following two statements.</br>1) Instruments that are categorized as critical do not need to be sterilized after use.</br>2) Antiseptics can be used on skin to destroy some types of germs.</br>Which of the following identifies the correct statement or statements from the two listed above.|Both statements are true.|Only statement 1 is true.|Only statement 2 is true.|Neither statement is true.|仔細考慮下列兩個陳述：</br>1）被歸類為危險性用品的醫療器材在使用後不需要進行滅菌。</br>2）消毒劑可用於皮膚以消滅某些類型的細菌。</br>據以上兩個陳述，下列哪項是正確的？|兩者均正確。|只有陳述1正確。|只有陳述2正確。|兩者均錯誤。|80|Y|2013-07-25|C
23|IC|23|Following a needlestick accident, whichfields of the following diseases is the LEAST IMPORTANT consideration for testing the patient or the practitioner?|process causing infectious agents to be transferred to a clean surface|process that reduces microbial life on the skin of patient or practitioner|process that uses chemicals to reduce microbial life on equipment and surfaces|process that destroys or eliminates all forms of microbial life including viruses|下列哪一種陳述最恰當地描述了滅菌的含義?|導致傳染性病原體被轉移到一個乾淨表面的程序|減少病人或執業醫師皮膚上微生物的程序|使用化學品以減少設備和表面上微生物的程序|殺死或消除包括病毒在內的所有各種微生物的程序|80|Y|2013-07-25|D
24|IC|24|Which of the following is an example of PPE (personal protective equipment) in the health care facility?|medical gloves|helmet|goggles|isopropyl alcohol|下列哪項在衛生保健场所是PPE（個人保護裝備）的一個例子？|醫用手套|頭盔|護目鏡|異丙醇酒精|80|Y|2013-07-25|A
25|IC|25|Name an agent that kills fungus.|sterilant|disinfectant|fungicide|critical item|可殺死黴菌的製劑稱為：|滅菌劑|消毒劑|殺真菌劑|危險物品|80|Y|2013-07-25|C
26|IC|26|Medical instruments that must be sterilized before re-use are in the category known as:|sterilant|disposable needles|critical item|semi-critical item|在重新使用之前必須經過滅菌處理的醫療器械類別稱為:|滅菌劑|一次性針具|危险性用品|半危险性用品|80|Y|2013-07-25|C
27|IC|27|Which of the following is more effective for sterilization of instruments?|isopropyl alcohol|disinfectant|sterilant|steam autoclave|医疗器具滅菌的一個實用有效的方法是使用:|異丙醇酒精|消毒劑|滅菌劑|高壓蒸汽|80|Y|2013-07-25|D
28|IC|28|Which of the following symptoms is caused by Hepatitis B?|muscle spasms|swelling of the liver|chest pain|swelling of glands in the neck|乙型肝炎是一種可導致以下哪一種症狀的傳染病?|肌肉痙攣|肝臟腫大|胸痛|颈部腺體腫大|80|Y|2013-07-25|B
29|IC|29|6% hydrogen peroxide is used as:|disinfectant|alcohol|sterilant|hydrochloric acid|6％雙氧水是:|消毒劑|酒精|滅菌劑|鹽酸|80|Y|2013-07-25|A
30|IC|30|Which of the following symptoms is caused by Mumps?|muscle spasms|swelling of the liver|chest pain|swelling of glands in the neck|腮腺炎是一種通常導致以下哪一種症狀的傳染病?|肌肉痙攣|肝臟腫大|胸痛|颈部腺體腫大|80|Y|2013-07-25|D
31|IC|31|A system used to manage hazardous materials is known as:|MSDS|steam autoclave|WHMIS|Hazardous Waste Mapping System|管理危險品安全處理的系統被稱為:|MSDS|高壓蒸汽系統|WHMIS|危險廢物標示系統|80|Y|2013-07-25|C
32|IC|32|An example of a portal of entry of infectious agents is:|droplet|airborne|direct contact|mucous membranes|下例哪项属于傳染性病原體的侵入途径?|飛沫|空氣|直接接觸|粘膜|80|Y|2013-07-25|D
33|IC|33|The ability of a virus to grow is known as an infection’s:|virulence|reproduction|replication|advancement|病毒增長的能力被稱為感染的:|致病力|繁殖力|複製力|進化力|80|Y|2013-07-25|A
34|IC|34|An infectious transmission caused by physical contact with another person is known as:|direct contact transmission|droplet transmission|fecal-oral transmission|vector borne transmission|與他人身體接觸引起感染的一種傳播被稱為:|直接接觸傳播|飛沫傳播|糞-口傳播|蟲媒傳播|80|Y|2013-07-25|A
35|IC|35|An infectious transmission caused by the spray from the sneeze of a nearby person is known as:|Indirect transmission|fecal-oral transmission|airborne transmission|droplet transmission|因附近一個人打噴嚏濺液引起感染的一種傳播被稱為:|間接接觸傳播|糞-口傳播|空氣傳播|飛沫傳播|80|Y|2013-07-25|D
36|RM|1|If changes are to be made to treatment details in a patient record, the practitioner is permitted to|re-create the required page and shred the original document|thoroughly erase the original information and write the changes on the same page|stroke through the original information and write the changes on the same page|stroke through the original information and write the changes in pencil above the original|如果要在病歷中更改患者治療細節的記錄，執業醫師被允許|重新創建所需的頁面，並切碎原稿|徹底刪除原始資料，並在同一頁上寫下更改內容|劃出原始資料，並在同一頁上寫下更改內容|劃出原始資料，並用鉛筆在原始記錄上方寫下更改內容|80|Y|2013-07-25|C
37|RM|2|Which statement best completes this sentence?</br>A TCM practitioner has a “defined scope of practice”, which means treatments should be limited by|the number of years of experience|actions that are permitted by law based on training|the range of therapies that patients request of the practitioner|treatments and procedures that the practitioner is interested in using|以下哪個陳述最適合完成這句話？</br>執業中醫師有“一定的執業範圍”，這意味著治療應受限於:|執業的年數|培訓基礎上法律所允許的行為|病人要求執業醫師的各種療法|執業醫師感興趣使用的治療方法和程序|80|Y|2013-07-25|B
38|RM|3|When disposing of patient records, it is required to|shred paper documents in a secure environment|make a copy of all records before destroying originals|wait until the patient has died before destroying records|wait for provincial government authorization for disposal|當處置病人的病歷時，要求|在安全的環境切碎紙質文件|在銷毀原稿前複製所有的記錄|等到病人已去世之後銷毀記錄|等待省政府授權處置|80|Y|2013-07-25|A
39|RM|4|In a non-emergency, if a patient does not provide consent to treatment, then it is best to|insist that the patient begin treatment and comply with your advice|continue with the treatment until consent is provided|begin an alternative treatment immediately|not provide the treatment to the patient|在非緊急情況下，如果病人不提供治療知情(認知)同意書，最好是:|遵循你的建議堅持為病人開始治療|繼續提供治療直到病人提供知情同意書|立即開始替代治療|不為病人提供治療|80|Y|2013-07-25|D
40|RM|5|Which of the following is NOT recommended in a TCM practice?|Staff have access to hand-washing facilities.|Sterile equipment should be covered until needed for use.|High speed fans should be used to cool areas where herbs are being processed.|Reprocessing areas should be equipped with double sinks for cleaning and rinsing.|下列哪項不建議在中醫執業中運用？|工作人員有可使用的洗手設施。|無菌設備應覆蓋直到被需要使用。|在處理中藥的地方應該使用高速風扇降溫。|再處理區應備有雙水槽用於清潔和沖洗。|80|Y|2013-07-25|C
41|RM|6|Which of the following is NOT regularly included in a patient record?|relevant family history|recording of missed appointments|lifestyle advice related to treatment|suggested payment options for treatment|下列哪項一般不包括在病歷記錄之內？|相關的家族史|就診失約記錄|相關治療生活方面的建議|治療費用支付方法的建議|80|Y|2013-07-25|D
42|RM|7|Which of the following offers the best advice if a practitioner experiences verbal abuse by a patient?|grab and hold the patient|completely ignore the patient|assess the safety of others in the area|block the patient from leaving the office|如果執業醫師遇到病人的辱罵，下列哪項提供最好的建議？|抓牢握住病人|完全忽略病人|評估現場其他人的安全|阻止病人離開辦公室|80|Y|2013-07-25|C
43|RM|8|Which of the following statements does NOT accurately describe effective records management?|The practitioner must keep patient records secure to protect private patient information.|Patient records act as the practitioner’s memory that allows for continuous quality patient care.|Patient records are freely accessible to all health care providers in order to improve the quality of health care provided.|Patient records are legal documents that the practitioner and patient can use to provide evidence of discussions and treatments.|下列哪項陳述沒有準確地描述有效的病歷管理？|執業醫師必須確保病歷的安全以保護病人的隱私。|病人的病歷作為執業醫師的記憶以保障為病人提供持續優質的服務。|為了提高醫療保健的質量，病人的病歷可隨時提供給所有的衛生保健人員查閱。|病人的病歷是法律文件，它可為執業醫師和病人提供交談和治療的證據。|80|Y|2013-07-25|C
44|RM|9|Which statement identifies a condition that is NOT required in a written Consent to Treatment form, in order for it to be valid?|the form is dated|the form is signed by patient|the form identifies the procedure being consented to|the form has the dates of all appointments listed for the patient|為使書面的治療知情(認知)同意表格有法律效力，以下哪種陳述指出的條件不被要求？|表格被填寫日期|表格被病人簽名|表格標明被同意的程序|表格有列出病人所有的就診日期|80|Y|2013-07-25|D
45|RM|10|Which of the following is NOT an important risk management consideration for a practitioner who owns his own TCM clinic?|maintaining heating and ventilation systems|understanding local bylaws and zoning restrictions|creating effective advertisements in local newspapers|establishing plans to manage fires and other emergencies|對於擁有自己中醫診所的執業醫師，下列哪項不是風險管理重要的考慮因素？|維護供暖和通風系統|了解當地的規章制度和區域限制|在當地報紙創建有效廣告|建立火災及其他緊急情況管理計劃|80|Y|2013-07-25|C
46|RM|11|Which of the following conditions is required before a practitioner may discuss a patient case with another practitioner?|the patient is no longer receiving treatment|the other practitioner has previously treated the patient|the patient’s name and other private information are not shared|the other practitioner is treating a family member of the patient|在哪種前提之下，執業醫師可以和另一名執業醫師討論病人的情況？|病人不再接受治療|另一名執業醫師曾經治療過此患者|不透露病人的姓名和其他私人的信息|另一名執業醫師正在治療病人的家庭成員|80|Y|2013-07-25|C
47|RM|12|A cotton swab that been contaminated with blood can be called|general waste|biomedical waste|routine waste|biological waste|被血液污染的棉籤可以被稱為|普通廢物|生物醫療廢物|日常廢物|生物性廢物|80|Y|2013-07-25|B
48|RM|13|Before pouring any chemical from one container to another, it is important to read the|regional bylaws|CPR certification requirements|material safety data sheet|local waste management guidelines|將任何化學品從一個容器倒入另一個容器之前，重要的是讀取：|區域規章制度|心肺復甦證書要求|材料安全數據表|當地廢物管理指引|80|Y|2013-07-25|C
49|RM|14|Consider the following two statements.</br>1) Patient records are confidential documents.</br>2) Patient records are legal documents.</br>Select which of the following identifies the correct statement or statements from the two listed above.|Both statements are true.|Only statement 1 is true.|Only statement 2 is true.|Neither statement is true.|仔細考慮下列兩個陳述：</br>1）病歷是機密文件。</br>2）病歷是法律文件。</br>據以上兩個陳述，下列哪項是正確的？|兩者均正確。|只有陳述1正確。|只有陳述2正確。|兩者均錯誤。|80|Y|2013-07-25|A
50|RM|15|Consider the following two statements.</br>1) Informed consent is not required for patients who are under the age of 19.</br>2) The father of a 21-year old patient must be granted access to the records of their child.</br>Select which of the following identifies the correct statement or statements from the two listed above.|Both statements are true.|Only statement 1 is true.|Only statement 2 is true.|Neither statement is true.|仔細考慮下列兩個陳述：</br>1）未滿19歲的患者不需要治療知情(認知)同意書。</br>2）一位21歲患者的父親必須被獲准查閱他們孩子的病歷記錄。</br>據以上兩個陳述，下列哪項是正確的？|兩者均正確。|只有陳述1正確。|只有陳述2正確。|兩者均錯誤。|80|Y|2013-07-25|D
51|RM|16|Consider the following two statements.</br>1) In a TCM work area, countertops should have smooth, impervious surfaces.</br>2) The best surface for treatment room floors is low-pile carpeting.</br>Select which of the following identifies the correct statement or statements from the two listed above|Both statements are true.|Only statement 1 is true.|Only statement 2 is true.|Neither statement is true.|仔細考慮下列兩個陳述：</br>1）在中醫執業場所，應具備表面光滑及不透水的工作檯面。</br>2）最好的治療室地面是用低割絨的地毯。</br>據以上兩個陳述，下列哪項是正確的？|兩者均正確。|只有陳述1正確。|只有陳述2正確。|兩者均錯誤。|80|Y|2013-07-25|B
52|RM|17|Consider the following two statements.</br>1) A TCM clinic should be equipped with a first aid kit.</br>2) A TCM clinic should be equipped with a fire extinguisher</br>Select which of the following identifies the correct statement or statements from the two listed above.|Both statements are true.|Only statement 1 is true.|Only statement 2 is true.|Neither statement is true.|仔細考慮下列兩個陳述：</br>1）中醫診所應配備一個急救箱。</br>2）中醫診所應配備一個滅火器。</br>據以上兩個陳述，下列哪項是正確的？|兩者均正確。|只有陳述1正確。|只有陳述2正確。|兩者均錯誤。|80|Y|2013-07-25|A
53|RM|18|Consider the following two statements.</br>1) Each page of a patient record must include information that uniquely identifies the patient.</br>2) All entries in a patient record must be dated.</br>Select which of the following identifies the correct statement or statements from the two listed above.|Both statements are true.|Only statement 1 is true.|Only statement 2 is true.|Neither statement is true.|仔細考慮下列兩個陳述：</br>1）病歷的每一頁必須包括可識別該位病人的獨特信息。</br>2）病人每次的病歷記錄都必須標明日期。</br>據以上兩個陳述，下列哪項是正確的？|兩者均正確。|只有陳述1正確。|只有陳述2正確。|兩者均錯誤。|80|Y|2013-07-25|A
54|RM|19|Consider the following two statements.</br>1) At the first sign of patient displaying abusive behaviours, it is best to confront the patient and physically move him or her to a confined space.</br>2) Arguing loudly with an aggressive patient always shows that you have control of the situation.</br>Select which of the following identifies the correct statement or statements from the two listed above.|Both statements are true.|Only statement 1 is true.|Only statement 2 is true.|Neither statement is true.|仔細考慮下列兩個陳述：</br>1）在病人開始顯示有暴力行為的跡象，最好是對抗病人並將他或她移入一個密閉的空間。</br>2）對有暴力行為的病人大聲喝止，始終顯示你控制了局面。</br>據以上兩個陳述，下列哪項是正確的？|兩者均正確。|只有陳述1正確。|只有陳述2正確。|兩者均錯誤。|80|Y|2013-07-25|D
55|RM|20|Consider the following two statements.</br>1) The actual documents that make up the patient records, are owned by the practitioner who created them.</br>2) At all times, the practitioner can refuse to allow a patient to view their own personal records.</br>Select which of the following identifies the correct statement or statements from the two listed above.|Both statements are true.|Only statement 1 is true.|Only statement 2 is true.|Neither statement is true.|仔細考慮下列兩個陳述：</br>1）實物的病歷文件由創建它們的執業醫師所擁有。</br>2）在任何時候，執業醫師都可以拒絕讓病人查看自己的病歷記錄。</br> 據以上兩個陳述，下列哪項是正確的？|兩者均正確。|只有陳述1正確。|只有陳述2正確。|兩者均錯誤。|80|Y|2013-07-25|B
56|RM|21|Consider the following two statements.</br>1) Changes to patient records can be made in pencil so they are easy to correct.</br>2) Always completely erase the original entry when making changes or corrections to the patient record.</br>Select which of the following identifies the correct statement or statements from the two listed above.|Both statements are true.|Only statement 1 is true.|Only statement 2 is true.|Neither statement is true.|仔細考慮下列兩個陳述：</br>1）更改病人的病歷可以用鉛筆，以便它們易於糾正。</br>2）更改或更正病歷時，務必完全刪除原始記錄。</br>據以上兩個陳述，下列哪項是正確的？|兩者均正確。|只有陳述1正確。|只有陳述2正確。|兩者均錯誤。|80|Y|2013-07-25|D
57|RM|22|Consider the following two statements.</br>1) Abbreviations are never permitted to be used in a patient record.</br>2) Financial records are not to be included with patient records.</br>Select which of the following identifies the correct statement or statements from the two listed above.|Both statements are true.|Only statement 1 is true.|Only statement 2 is true.|Neither statement is true.|仔細考慮下列兩個陳述：</br>1）縮寫絕不允許被用在病歷記錄中。</br>2）財務記錄是不被包括在病歷記錄之内的。</br>據以上兩個陳述，下列哪項是正確的？|兩者均正確。|只有陳述1正確。|只有陳述2正確。|兩者均錯誤。|80|Y|2013-07-25|C
58|RM|23|Consider the following two statements.</br>1) The treating practitioner is responsible for the accuracy of the patient records.</br>2) The practitioner may decide when to destroy any patient’s records after treatment is completed.</br>Select which of the following identifies the correct statement or statements from the two listed above.|Both statements are true.|Only statement 1 is true.|Only statement 2 is true.|Neither statement is true.|仔細考慮下列兩個陳述：</br>1）病歷記錄的準確性是負責治療的執業醫師的责任。</br>2）執業醫師可以決定治療完成後何時銷毀任何病人的記錄。</br>據以上兩個陳述，下列哪項是正確的？|兩者均正確。|只有陳述1正確。|只有陳述2正確。|兩者均錯誤。|80|Y|2013-07-25|B
59|RM|24|Consider the following two statements.</br>1) A practitioner must obtain informed consent from the patient before providing non-emergency treatment.</br>2) Practitioners are legally responsible to report known incidences of abuse of elderly patients.</br>Select which of the following identifies the correct statement or statements from the two listed above.|Both statements are true.|Only statement 1 is true.|Only statement 2 is true.|Neither statement is true.|仔細考慮下列兩個陳述：</br>1）提供非緊急治療之前，執業醫師必須獲得病人的知情(認知)同意。</br>2）執業醫師有法律責任報告發生虐待老年患者的情況。</br>據以上兩個陳述，下列哪項是正確的？|兩者均正確。|只有陳述1正確。|只有陳述2正確。|兩者均錯誤。|80|Y|2013-07-25|A
60|RM|25|Consider the following two statements.</br>1) Any and all staff members of a TCM practice have the legal right to view any patient records.</br>2) Student practitioners must be monitored by a qualified practitioner.</br>Select which of the following identifies the correct statement or statements from the two listed above.|Both statements are true.|Only statement 1 is true.|Only statement 2 is true.|Neither statement is true.|仔細考慮下列兩個陳述：</br>1）任何及所有中醫執業員工在法律上都有權查看任何病人的病歷。</br>2）實習醫生必須由合格的執業醫師監管。</br>據以上兩個陳述，下列哪項是正確的？|兩者均正確。|只有陳述1正確。|只有陳述2正確。|兩者均錯誤。|80|Y|2013-07-25|C
61|RM|26|Consider the following two.</br>1) It is recommended that practitioners hold a Standard First Aid Certificate</br>2) It is recommended that practitioners hold level A cardiopulmonary resuscitation (CPR) certification.</br>Select which of the following identifies the correct statement or statements from the two listed above.|Both statements are true.|Only statement 1 is true.|Only statement 2 is true.|Neither statement is true.|仔細考慮下列兩個陳述：</br>1）建議執業醫師持有基本急救證書。</br>2）建議執業醫師持有A級心肺復甦術（CPR）證書。</br>據以上兩個陳述，下列哪項是正確的？|兩者均正確。|只有陳述1正確。|只有陳述2正確。|兩者均錯誤。|80|Y|2013-07-25|A
62|RM|27|Consider the following two statements.</br>1) A practitioner may end treatment at any time without any further obligation to the patient.</br>2) The patient is legally required to provide all personal information that is requested by the treating practitioner.</br>Select which of the following identifies the correct statement or statements from the two listed above.|Both statements are true.|Only statement 1 is true.|Only statement 2 is true.|Neither statement is true.|仔細考慮下列兩個陳述：</br>1）執業醫師可以在任何時候結束治療，並且對病人没有任何進一步的義務。</br>2）患者在法律上必須提供被主治執業醫師要求的所有個人信息。</br>據以上兩個陳述，下列哪項是正確的？|兩者均正確。|只有陳述1正確。|只有陳述2正確。|兩者均錯誤。|80|Y|2013-07-25|D
63|RM|28|Consider the following two statements.</br>1) If a practitioner leaves a practice, the leaving practitioner has full authority to destroy patient records.</br>2) A husband must always be given access to the patient records of his wife.</br>Select which of the following identifies the correct statement or statements from the two listed above.|Both statements are true.|Only statement 1 is true.|Only statement 2 is true.|Neither statement is true.|仔細考慮下列兩個陳述：</br>1）如果一名執業醫師離開一间诊所，離開的執業醫師有充分權力銷毀病人的病歷。</br>2）丈夫應該永遠被准许查阅他妻子的病歷記錄。</br>據以上兩個陳述，下列哪項是正確的？|兩者均正確。|只有陳述1正確。|只有陳述2正確。|兩者均錯誤。|80|Y|2013-07-25|D
64|RM|29|Consider the following two statements.</br>1) TCM practitioners must make referrals to other health care professionals based on limitations of the practitioner’s personal training.</br>2) TCM practitioners must make referrals to other health care professional based on limitations of Traditional Chinese Medicine.</br>Select which of the following identifies the correct statement or statements from the two listed above.|Both statements are true.|Only statement 1 is true.|Only statement 2 is true.|Neither statement is true.|仔細考慮下列兩個陳述：</br>1）依據執業醫師個人培訓的局限性，中醫執業醫師必須轉介病人給其他衛生保健專業人員。</br>2）依據中醫執業的局限性，中醫執業醫師必須轉介病人給其他衛生保健專業人員。</br>據以上兩個陳述，下列哪項是正確的？|兩者均正確。|只有陳述1正確。|只有陳述2正確。|兩者均錯誤。|80|Y|2013-07-25|A
65|RM|30|Consider the following two.</br>1) It is better practice to have informed consent given in writing by the patient rather than given orally by the patient.</br>2) A patient can only request to view their personal patient record when treatment is fully completed.</br>Select which of the following identifies the correct statement or statements from the two listed above.|Both statements are true.|Only statement 1 is true.|Only statement 2 is true.|Neither statement is true.|仔細考慮下列兩個陳述：</br>1）以書面的形式獲得病人的治療知情(認知)同意是較以口頭形式獲得更好的做法。</br>2）病人只能在全面完成治療後要求查看他們個人的病歷記錄。</br>據以上兩個陳述，下列哪項是正確的？|兩者均正確。|只有陳述1正確。|只有陳述2正確。|兩者均錯誤。|80|Y|2013-07-25|B
66|AC|1|Which of the following is NOT a principle of the clean needle technique?|Always use sterile single-use needles.|Always obtain patient consent before needling.|Always establish a clean field before performing acupuncture.|Always wash hands between patients, before needling, and after needling.|下列哪項不是潔針技術的原則？|一定要使用一次性無菌針。|一定要取得病人的治療知情(認知)同意後方可施針。|一定要在施針前建立一個清潔區。|一定要在治療不同病人之間，針刺前，針刺後洗手。|80|Y|2013-07-25|B
67|AC|2|Select the response that best completes this sentence. </br>The clean needle technique|eliminates all risks of infection to the patient.|reduces the risk of Hepatitis B transmission during acupuncture.|describes all steps required for effective acupuncture treatment.|ensures that practitioners are using proper techniques when needling.|選擇最好的回答完成下列語句。</br>潔針技術|消除了病人所有感染的風險。|減低針灸時乙型肝炎傳播的風險。|描述了有效的針灸治療所需的所有步驟。|確保執業醫師針刺時使用正確的技術。|80|Y|2013-07-25|B
68|AC|3|Select the response that best completes this sentence.</br>Seven-star needle handle|may be used repeatedly on the same patient, but must be disinfected before use on another treatment.|may be used repeatedly on the same patient, but must be sterilized before use on another treatment.|may not be used repeatedly on the same patient, and must be cleaned before use on a treatment.|may not be used repeatedly on the same patient, and must be disinfected before use on a treatment.|選擇最好的回答完成下列語句。</br>七星針的針柄|可以重複使用於同一患者，但在另一次治療前必須進行消毒。|可以重複使用於同一患者，但在另一次治療前必須進行滅菌。|不可以重複使用於同一患者，並且在使用前必須經過清洗。|不可以重複使用於同一患者，並且在使用前必須經過消毒。|80|Y|2013-07-25|A
69|AC|4|During a patient treatment, the practitioner suffers a needle stick injury.</br>Which of the following is the least important consideration for the practitioner immediately following a needlestick injury?|assess the immune status of the patient source|seek medical advice or attention from a physician|properly treat the injury immediately following exposure|ask the patient to get immunized before his or her next appointment|在一次治療病人當中，執業醫師遭受到針刺紮傷。</br>緊隨遭受針刺紮傷後，下列哪項是執業醫師最不重要的考量？|評估病人方面的免疫狀態|找醫生尋求醫療諮詢或關注|繼曝露後立即妥善處理受傷處|要求病人下次就診前進行防疫注射|80|Y|2013-07-25|D
70|AC|5|Which of the following best describes the meaning of adverse reaction?|an undesirable effect that was expected|an undesirable effect that was not expected|a beneficial effect that was expected|a beneficial effect that was not expected|以下哪項恰當描述了不良反應的含義？|預期的不良效果|未預期的不良效果|預期的療效|未預期的療效|80|Y|2013-07-25|B
71|AC|6|Which of the following is the most important step for practitioners to reduce serious infections from needlestick accidents.|maintain immune status to Hepatitis B|ensure there is a first aid kit in the office|disinfect all equipment prior to treatment|regularly maintain and disinfect the treatment areas|為減少執業醫師因為針刺扎傷意外引起嚴重的感染，下列哪一項是最重要的步驟？|維持乙型肝炎的免疫狀態|確保在辦公室裡有一個急救包|進行治療前消毒所有設備|定期維護和消毒治療區域|80|Y|2013-07-25|A
72|AC|7|Which one of the following points is contraindicated during pregnancy?|LI-4 (Hegu)|LI-16 (Jugu)|SI-14 (Jianwaishu)|SP-16 (Fuai)|下列哪個穴在懷孕期間禁刺？|合谷|巨骨|肩外俞|腹哀|80|Y|2013-07-25|A
73|AC|8|Practitioners must be cautious when needling HT-1 (Jiquan) because it is close to the|Axillary artery|Femoral artery|Radial artery|Dorsalis Pedis artery|執業醫師必須謹慎針刺極泉穴，因為它接近|腋動脈|股動脈|橈動脈|足背動脈|80|Y|2013-07-25|A
74|AC|9|Practitioners must be cautious when needling LU-8 (Jingqu) and LU-9 (Taiyuan) because they are close to the|Axillary artery|Femoral artery|Radial artery|Dorsalis Pedis artery|執業醫師必須謹慎針刺經渠穴和太淵穴，因為它們接近|腋動脈|股動脈|橈動脈|足背動脈|80|Y|2013-07-25|C
75|AC|10|Practitioners must be cautious when needling ST-42 (Chongyang) because it is close to the|Axillary artery|Femoral artery|Radial artery|Dorsalis Pedis artery|執業醫師必須謹慎針刺衝陽穴，因為它接近|腋動脈|股動脈|橈動脈|足背動脈|80|Y|2013-07-25|D
76|AC|11|Practitioners must be cautious when needling SP-11 (Jimen) and SP-12 (Chongmen) because they are close to the|Axillary artery|Femoral artery|Radial artery|Dorsalis Pedis artery|執業醫師必須謹慎針刺箕門穴和衝門穴，因為它們接近|腋動脈|股動脈|橈動脈|足背動脈|80|Y|2013-07-25|B
77|AC|12|Perpendicular needling at BL-11 (Dazhu) may cause|injury to liver|pneumothorax|haemotoma|injury to spleen|直刺大杼穴可能會導致|肝損傷|氣胸|出血|脾損傷|80|Y|2013-07-25|B
78|AC|13|Needling too deeply at right side of KI-21 (Youmen) may cause injury to the|liver|stomach|kidney|peritoneal cavity|在右側幽門穴針刺太深，可能會傷及|肝|胃|腎|腹腔|80|Y|2013-07-25|A
79|AC|14|In thin patients, needling too deeply at CV-9 (Shuifen) and CV-10 (Xiawan) may cause injury to the|liver|stomach|kidney|peritoneal cavity|對於瘦小的患者，如在水分穴和下脘穴針刺太深，可能會傷及|肝|胃|腎|腹腔|80|Y|2013-07-25|D
80|AC|15|Deep perpendicular needling at BL-23 (Shenshu) may cause injury to the|liver|stomach|kidney|spleen|在腎俞穴直刺過深，可能會傷及|肝|胃|腎|腹腔|80|Y|2013-07-25|C
81|AC|16|Points in the upper back such as SI-14 (Jianwaishu), SI-15 (Jianzhongzhu), and GB-21 (Jianjing) if needled too deeply may cause|injury to the heart|injury to the lungs|haemotoma|injury to spinal column|上背部的穴位如肩外俞，肩中俞和肩井，如果針刺太深可能會導致|心臟損傷|肺部損傷|血腫|脊柱損傷|80|Y|2013-07-25|B
82|AC|17|Following a needlestick accident, which of the following diseases is the LEAST IMPORTANT consideration for testing the patient or the practitioner?|Hepatitis A (HAV)|Hepatitis B (HBV)|Hepatitis C (HCV)|Human Immunodeficiency Virus (HIV)|發生針刺紮傷意外後，檢驗病人或執業醫師時，下列哪種疾病是最不重要的考慮？|病毒性甲型肝炎（HAV）|病毒性乙型肝炎（HBV）|病毒性丙型肝炎（HCV）|人類免疫缺陷病毒（HIV）|80|Y|2013-07-25|A
83|AC|18|In preparing the site for needling, which of the following is NOT best practice?|swab the point from the centre outward to reduce risk of infection|insert needle while the isopropyl alcohol at the site is still wet|swab the point to be needled with 70 % isopropyl alcohol|sanitize hands before palpating the point|在做針灸區域準備時，下列哪一項不是好的做法？|從中心向外擦拭穴位，以減少感染的風險|當針灸區域的酒精仍是濕的時候進針|用70％的酒精棉籤擦拭準備施針的部位|在觸摸穴位之前清潔雙手|80|Y|2013-07-25|B
84|AC|19|The procedure for hygienic insertion and removal of needles is known as the|sanitary needling manipulation|sterile needle management|clean field techniques|aseptic technique|衛生進針和出針的操作步驟被稱為|衛生的行針手法|無菌針管理|清潔工作區技術|無菌操作|80|Y|2013-07-25|D
85|AC|20|Which of the following is the best procedure to help avoid broken needles during treatment?|during treatment, count the needles used|during treatment, apply strong force when manipulating the needle|prior to treatment, remind patients not to make sudden movements|ensure the dignity of the patient is respected by the use of proper draping|下列哪項是幫助避免治療過程中斷針最好的程序？|在治療過程中，計數所用過的針|在治療過程中，行針時使用強力|在治療前，提醒病人不要突然移動|通過使用適當的遮蓋，確保病人的尊嚴受到尊重|80|Y|2013-07-25|C
86|AC|21|Which of the following is NOT a common cause of bent or broken needles?|poor needle quality|unsafe needle disposal|needling with excessive force|sudden movement by the patient|下列哪項不是彎針或斷針的常見原因？|針的質量差|不安全地處置針|施針過度用力|病人的突然移動|80|Y|2013-07-25|B
87|AC|22|Which of the following is LEAST likely to help remove a stuck needle?|gently rotate the needle in the opposite direction|clean the area with a mild antiseptic|massage gently around the point|needle a nearby point|下列哪項最不能幫助拔出滯針？|輕輕地向相反的方向捻針|用溫和的殺菌劑清潔滯針部位|在滯針周圍輕輕地按摩|在滯針附近的穴位再下一針|80|Y|2013-07-25|B
88|AC|23|Which of the following is NOT an appropriate step if a patient faints during acupuncture treatment.|do not remove needles until patient has fully recovered|monitor the patient and allow time for recovery|ask the patient to lie down and elevate feet|offer the patient water to drink slowly|如果在針灸治療過程中病人暈厥，下列哪項是不恰當的步驟？|不要拔針，直到病人完全恢復|監測病人，並給予時間恢復|要求病人躺下，並墊高腳部|提供病人溫水，並慢慢地喝|80|Y|2013-07-25|A
89|AC|24|During acupuncture treatment, which of the following is NOT a useful sign that a patient may faint?|weak pulse|feeling of dizziness|color drains from lips|aggressive behaviours|在針灸治療過程中，下列哪一項不是病人可能出現暈針的先兆症狀？|脈搏微弱|感覺頭暈|嘴唇顏色變得蒼白|攻擊行為|80|Y|2013-07-25|D
90|AC|25|Which of the following is the LEAST likely cause of fainting during acupuncture treatment.|forceful manipulation of the needle|patient has been fasting and is hungry|patient is nervous about the treatment|patient has had too much water to drink|在針灸治療中，下列哪項有最小的可能引起暈針？|強力行針|病人正在禁食和飢餓|患者對治療感到緊張|病人喝了太多的水|80|Y|2013-07-25|D
91|AC|26|Which statement does NOT identify an important precaution when using electrical stimulation?|gradually increase the intensity of the stimulation|for many patients, keep treatments to under 20 minutes|to enhance relaxation, it is best to leave the patient unattended|set dials to zero before switching off power and removing connections|使用電針治療時，下列哪項陳述不是重要的預防不良反應的措施？|逐漸增加刺激強度|在多數情況下，保持電刺激治療在20分鐘以內|為加強放鬆，最好是離開病人無需守護|關掉電源和去除連接之前將調節强度旋鈕撥至零位|80|Y|2013-07-25|C
92|AC|27|Select the response that best completes this sentence. </br>A common symptom of collapsed lung (traumatic pneumothorax) is|sudden headaches or nausea|muscle stiffness|breathing is labored or difficult|blood evident in the urine|選擇最佳的完成以下語句的回答。</br>肺萎陷的常見症狀（創傷性氣胸）是|突然頭痛或噁心|肌肉僵硬|呼吸短促或困難|明顯的血尿|80|Y|2013-07-25|C
93|AC|28|Which of the following equipment is the practitioner required to bring when acupuncture treatment is done in an unfamiliar setting (e.g., patient’s home)?|alcohol swabs|portable sharps container|disposable medical gloves|all of the above|當去一個陌生的環​​境（例如，病人的家）進行針灸治療時，以下哪項是執業醫師必需的裝備？|酒精棉籤|便攜式尖利物品容器|一次性醫用手套|上述所有物品|80|Y|2013-07-25|D
94|AC|29|Which of the following is NOT a common or natural side effect to acupuncture that a patient may expect to experience?|brief stinging sensation when needle is inserted|feelings of fatigue or relaxation|blood in the urine following treatment|light-headed if many needles used|下列哪項不是在針灸治療中病人會遇到的常見或自然產生的副作用？|進針時感到短暫的刺痛|感覺疲勞或放鬆|治療後尿中有血液|針太多的穴位後感覺輕微頭暈|80|Y|2013-07-25|C
95|AC|30|Which of the following is the most effective procedure to use when you leave patient alone in the treatment room?|leave door to the treatment room wide open so that other patients can warn of a problem|check on the patient regularly every 15 - 20 minutes|equip the room with a call button for patient use|ask the patient to call out loudly to get your attention|當你將病人獨自留在治療室內時，應使用下列哪項最有效的程序？|敞開治療室的門，以便其他患者可以提醒出現的問題|每15 - 20分鐘定時對病人進行檢查|在治療室装備一個呼叫按鈕供病人使用|要求病人大聲叫喊以得到你的關注|80|Y|2013-07-25|C
96|AC|31|Before use on each patient, guides tubes must be|cleaned and disinfected|rinsed and dried|mandatory|sterile|在用於每位病人之前，針的套管必須是|清潔並消毒過的|沖洗並乾燥過的|強制性的|無菌的|80|Y|2013-07-25|D
97|AC|32|Caution should be used at the following points because of risk of inducing pneumothorax|GB-24 (Riyue) and PC-1 (Tianchi)|BL-48 (Yanggang) and ST-5 (Daying)|KI-24 (Lingxu) and SP-21 (Dabao)|GV-3 (Yaoyangguan) and BL-50 (Weicang)|下列哪組穴位因為有導致氣胸的危險而應小心使用？|日月和天池|陽綱和大迎|靈墟和大包|腰陽關和胃倉|80|Y|2013-07-25|C
98|AC|33|Consider the following two statements.</br>1) Acupuncture is contraindicated for patients who are intoxicated (drunk).</br>2) Acupuncture is contraindicated for deep insertion near vital organs.</br>Select which of the following identifies the correct statement or statements from the two listed above.|Both statements are true.|Only statement 1 is true.|Only statement 2 is true.|Neither statement is true.|仔細考慮下列兩個陳述：</br>1）醉酒的病人不宜針灸。</br>2）禁忌在重要器官附近深刺。</br>據以上兩個陳述，下列哪項是正確的？|兩者均正確。|只有陳述1正確。|只有陳述2正確。|兩者均錯誤。|80|Y|2013-07-25|A
99|AC|34|Consider the following two statements related to the cleaning of the point area with an alcohol swab.</br>1) Swab in a circular motion out from the centre of the point.</br>2) Swab back and forth several times across the centre of the point.</br>Select which statement or statements above correctly describes an effective and safe means of cleaning the point area with an alcohol swab prior to needle insertion|Both statements are correct.|Only statement 1 is correct.|Only statement 2 is correct.|Neither statement is correct.|仔細考慮下列兩個有關用酒精棉籤擦拭穴位的陳述：</br>1）棉籤從穴位的中心向外作圓周運動。</br>2）棉籤來回幾次跨越穴位的中心。</br>據以上兩個陳述，下列哪項是正確的？|兩者均正確。|只有陳述1正確。|只有陳述2正確。|兩者均錯誤。|80|Y|2013-07-25|B
100|AC|35|Consider the following two statements.</br>1) Moxibustion should be used with increased precautions if a patient has a higher than normal sensitivity to heat.</br>2) Moxibustion should be used with increased precautions if a patient has a lower than normal sensitivity to heat.</br>Select which of the following identifies the correct statement or statements from the two listed above.|Both statements are correct.|Only statement 1 is correct.|Only statement 2 is correct.|Neither statement is correct.|仔細考慮下列兩個陳述：</br>1）如果患者對熱力的敏感性高於正常，使用艾灸時要加倍謹慎小心。</br>2）如果患者對熱力的敏感性低於正常，使用艾灸時要加倍謹慎小心。</br>據以上兩個陳述，下列哪項是正確的？|兩者均正確。|只有陳述1正確。|只有陳述2正確。|兩者均錯誤。|80|Y|2013-07-25|A
101|AC|36|Consider the following two statements.</br>1) Heat lamps pose minimal risk to patients so the experienced practitioner can use heat lamps without restriction.</br>2) During electrical stimulation, the two branches of the same electrode should be on the same side of the patient's body.</br>Select which of the following identifies the correct statement or statements from the two listed above.|Both statements are correct.|Only statement 1 is correct.|Only statement 2 is correct.|Neither statement is correct.|仔細考慮下列兩個陳述：</br>1）熱力燈(TDP燈)對患者造成傷害的風險很小，所以有經驗的執業醫師可以不加限制的使用熱力燈(TDP燈)。</br>2）在運用電針刺激時，同一電極的兩個分支應該是在病人身體的同一側上。</br>據以上兩個陳述，下列哪項是正確的？|兩者均正確。|只有陳述1正確。|只有陳述2正確。|兩者均錯誤。|80|Y|2013-07-25|C
102|AC|37|Consider the following two statements.</br>1) For acupuncture treatment, patients should be in a comfortable position and asked not to make sudden movements.</br>2) Additional precautions are required for patients who are on anticoagulant therapy.</br>Select which of the following identifies the correct statement or statements from the two listed above.|Both statements are true.|Only statement 1 is true.|Only statement 2 is true.|Neither statement is true.|仔細考慮下列兩個陳述：</br>1）針灸治療時，患者應該是在一個舒適的體位，並被要求不要做出突然的移動。</br>2）對正在服用抗凝劑的病人需要加倍謹慎。</br>據以上兩個陳述，下列哪項是正確的？|兩者均正確。|只有陳述1正確。|只有陳述2正確。|兩者均錯誤。|80|Y|2013-07-25|A
103|AC|38|What is the purpose of Practitioners use proper draping procedures?|cleanliness|safe practices|health and safety|patient dignity|執業醫師使用適當遮蓋病人程序的目的是什麼？|清潔|安全執業|健康和安全|病人的尊嚴|80|Y|2013-07-25|D
104|AC|39|Name an infection that results from the transfer of a microbe from one location to another of a patient’s own body?|cross-infection|autogenous infection|direct infection|indirect infection|以下哪種定義了傳染病原體從患者自己身體的一個地方傳到另一個地方所引起的感染？|交叉感染|自身感染|直接感染|間接感染|80|Y|2013-07-25|B
105|AC|40|Name an infection that results from the transfer of a microbe from the environment or another person?|cross-infection|autogenous infection|direct infection|environmental infection|以下哪種定義了來自外界環境及他人的病原體所引起的感染？|交叉感染|自身感染|直接感染|間接感染|80|Y|2013-07-25|A
106|AC|41|Which of the following is one of the most frequently reported injuries to vital organs from acupuncture?|penetrating trauma|abdominal trauma|pneumothorax|multiple organ dysfunction syndrome|下列哪項因針刺引起的重要器官受傷是最經常報導的併發症之一？|穿透性創傷|腹部外傷|氣胸|多器官功能障礙綜合症|80|Y|2013-07-25|C
107|AC|42|Which of the following is very important to pay carefully attention to when inserting needle on the back or abdomen?|cleanliness and depth|thickness and angle|depth and angle|cleanliness and location|當在背部或腹部進針時，仔細注意以下的哪一項是非常重要的？|清潔和深度|厚度和角度|深度和角度|清潔和位置|80|Y|2013-07-25|C
108|AC|43|Which of the following points has to be needled with caution to prevent the risk of pneumothorax?|GV-3 (Yaoyangguan)|SP-15 (Daheng)|GB-21 (Jianjing)|CV-15 (Jiuwei)|以下哪一个穴位針刺时需要谨慎，以防造成氣胸？|腰陽關|大横|肩井|鸠尾|80|Y|2013-07-25|C
109|HE|1|Which of the following best describes the meaning of side effects?|an undesirable effect that is not possible to predict|an undesirable effect that is a predictable or an unavoidable reaction|a lowered threshold to what is known as normal reactions to medications|an over-reaction of the immune system to normally harmless substances|以下哪項最準確地描述了副作用的含義？|一種不良效果是未能預期的|一種不良效果是可預期或不可避免的反應|一種對藥物正常反應閾值水平的降低|免疫系統對通常無害的物質的一種過度反應|80|Y|2013-07-25|B
110|HE|2|Which of the following best describes the meaning of allergic reactions?|a desirable reaction that was not expected|an undesirable effect that was a predictable reaction|an elevated threshold to what is known as normal reactions to medications|an over-reaction of the immune system to normally harmless substances|以下哪項最準確地描述了過敏反應的含義？|沒有預料到的一個理想的反應|一種不良效果是可預期的反應|一種對藥物正常反應閾值水平的升高|免疫系統對通常無害的物質的一種過度反應|80|Y|2013-07-25|D
111|HE|3|Which of the following provides the best advice related to adverse reactions?|only the patient should report adverse reactions to the appropriate authority|only the practitioner should report adverse reactions to the appropriate authority|the practitioner or the patient should report adverse reactions to the appropriate authority|the practitioner must authorize for adverse reactions being reported to the appropriate authority|以下哪項提供了有關不良反應最好的建議？|只有病人應該向有關當局報告不良反應|只有執業醫師應該向有關當局報告不良反應|執業醫師或病人應該向有關當局報告不良反應|執業醫師必須授權向有關當局報告不良反應|80|Y|2013-07-25|C
112|HE|4|Which of the following gives the best advice related to reporting adverse reactions to herbal medications?</br>The reporting of adverse reactions to TCM medications|often creates unnecessary worry for the patients.|is important to improving the practice of herbology.|should be done cautiously so that others do not get in trouble.|is only recommended if the practitioner has many years of experience.|以下哪項給出了有關報告中草藥不良反應的最好建議？</br>報告中醫藥不良反應的情況|經常為病人帶來不必要的擔心。|重要的是改善中醫藥的實踐。|應謹慎處理以免惹上麻煩。|只推薦給有多年經驗的執業醫師。|80|Y|2013-07-25|B
113|HE|5|The adult dose of an herbal medication is 20 gm. </br>Which of the following is most consistent with dosage recommendations for a 5-year old child?|16 gm|12 gm|8 gm|2 gm|一味中藥的成人用藥劑量是20克。</br>下列哪項建議的劑量最符合一個5歲的孩子？|16克|12克|8克|2克|80|Y|2013-07-25|C
114|HE|6|The adult dose of an herbal medication is 20 gm. </br>Which of the following is most consistent with dosage recommendations for a child weighing 35 lbs?|18 gm|14 gm|9 gm|4 gm|一味中藥的成人用藥劑量是20克。</br>下列哪項建議的劑量最符合一個體重35磅的孩子？|18克|14克|9克|4克|80|Y|2013-07-25|D
115|HE|7|A patient has requested that the duration of a prescription be extended to 2 weeks. The prescription was written by another practitioner who is unavailable.</br>Which of the following is the least important consideration in deciding on the patient’s request?|The practitioner is very knowledgeable about the formula.|The practitioner is very familiar with the patient’s health history.|The patient has family members that are using similar medications.|The patient has taken the prescription previously with no adverse reactions.|一位病人要求所開出的處方再延長2週時間。而開此處方的執業醫師不在場。</br>在決定滿足病人要求時，下列哪項是最不重要的考慮因素？|另一名執業醫師非常了解處方。|另一名執業醫師對病人的健康史很熟悉。|病人的家庭成員正在使用類似的藥物。|病人以前服用過此處方且沒有不良反應。|80|Y|2013-07-25|C
116|HE|8|Which of the following is not a requirement on a written prescription?|the amount of each herb|warnings related to storage or use|names of herbs that may be substituted if any are unavailable|unique or special instructions on when or how to use the medication|出具書面處方時，下列哪項是不被要求的？|每種中藥的劑量|與儲存或使用相關的提醒|替代缺貨中藥的名稱|何時或如何使用藥物的獨特或特殊的用法說明|80|Y|2013-07-25|C
117|HE|9|Severe adverse reactions to herbal medications should be reported to|Canada Vigilance Offices|World Health Organization|Environment Canada or CITES|Natural Health Products Directorate|對中草藥的嚴重不良反應，應被上報到以下哪所機構？|加拿大警戒署|世界衛生組織|加拿大環境部或衛生部食品監管處|天然健康產品監管處|80|Y|2013-07-25|A
118|HE|10|Consider the following two statements related to the use of herbal medications.</br>1) Use herbal medications cautiously with infants below the age of six months.</br>2) Use herbal medications cautiously with patients who have had allergic reactions to herbs.</br>Select which of the following identifies the correct statement or statements from the two listed above.|Both statements are correct.|Only statement 1 is correct.|Only statement 2 is correct.|Neither statement is correct.|仔細考慮下列兩個有關中草藥使用的陳述：</br>1）對六個月以下的嬰兒謹慎使用中草藥。</br>2）對曾經對中藥有過敏反應的患者謹慎使用中草藥。</br>據以上兩個陳述，下列哪項是正確的？|兩者均正確。|只有陳述1正確。|只有陳述2正確。|兩者均錯誤。|80|Y|2013-07-25|A
119|HE|11|Consider the following two statements related to the writing of prescriptions.</br>1) Prescriptions must clearly identify the patient by name.</br>2) Prescriptions must clearly identify the practitioner by name.</br>Select which of the following identifies the correct statement or statements from the two listed above.|Both statements are correct.|Only statement 1 is correct.|Only statement 2 is correct.|Neither statement is correct.|仔細考慮下列兩個有關書寫處方的陳述：</br>1）處方必須憑姓名以清楚地識別患者。</br>2）處方必須憑姓名以清楚地識別執業醫師。</br>據以上兩個陳述，下列哪項是正確的？|兩者均正確。|只有陳述1正確。|只有陳述2正確。|兩者均錯誤。|80|Y|2013-07-25|A
120|HE|12|Consider the following two statements related to the writing of prescriptions.</br>1) Prescriptions must never include abbreviations.</br>2) Prescriptions must clearly name each herb.</br>Select which of the following identifies the correct statement or statements from the two listed above.|Both statements are correct.|Only statement 1 is correct.|Only statement 2 is correct.|Neither statement is correct.|仔細考慮下列兩個有關書寫處方的陳述：</br>1）處方絕不能包括縮寫。</br>2）處方必須清楚地寫出每味中草藥的名字。</br>據以上兩個陳述，下列哪項是正確的？|兩者均正確。|只有陳述1正確。|只有陳述2正確。|兩者均錯誤。|80|Y|2013-07-25|C
121|HE|13|Consider the following two statements.</br>1) Only herbal medications that are correctly labelled can be dispensed.</br>2) If prescribing a manufactured herbal medicine, the practitioner should never provide dosage information.</br>Select which of the following identifies the correct statement or statements from the two listed above.|Both statements are correct.|Only statement 1 is correct.|Only statement 2 is correct.|Neither statement is correct.|仔細考慮下列兩個陳述：</br>1）只有被正確貼好標籤的中草藥才可配發。</br>2）如果開一個中成藥處方，執業醫師絕不應該提供劑量信息。</br>據以上兩個陳述，下列哪項是正確的？|兩者均正確。|只有陳述1正確。|只有陳述2正確。|兩者均錯誤。|80|Y|2013-07-25|B
122|HE|14|Consider the following two statements.</br>1) Known adverse reactions caused by the interaction of TCM herbs and pharmaceuticals have remained unchanged over the past twenty years.</br>2) Allergic reactions to TCM herbs is so complex that practitioners cannot be expected to try and keep informed on this information.</br>Select which of the following identifies the correct statement or statements from the two listed above.|Both statements are correct.|Only statement 1 is correct.|Only statement 2 is correct.|Neither statement is correct.|仔細考慮下列兩個陳述：</br>1）在過去的二十年對中藥與西藥相互作用引起不良反應的認知維持不變。</br>2）中藥的過敏反應是如此複雜，以至於無法要求執業醫師嘗試和隨時了解相關資訊。</br>據以上兩個陳述，下列哪項是正確的？|兩者均正確。|只有陳述1正確。|只有陳述2正確。|兩者均錯誤。|80|Y|2013-07-25|D
123|HE|15|Consider the following two statements related to medicinal formulas or packaged medicines that contain wildlife ingredients.</br>1) Any species that are not currently threatened by extinction can be imported or exported without restriction or condition.</br>2) Restrictions on animals identified by CITES relate only to live specimens or body parts, and not to derived herbs or medications.</br>Select which of the following identifies the correct statement or statements from the two listed above.|Both statements are correct.|Only statement 1 is correct.|Only statement 2 is correct.|Neither statement is correct.|仔細考慮下列兩個有關含有野生動物成分的中藥方劑或中成藥的陳述:</br>1）任何目前尚未瀕臨絕種的物種，可以進口或出口，沒有限製或條件。</br>2）對“瀕危物種公約”所確定動物的限制只涉及活標本或身體部位，並不包括提取的草藥或藥物。</br>據以上兩個陳述，下列哪項是正確的？|兩者均正確。|只有陳述1正確。|只有陳述2正確。|兩者均錯誤。|80|Y|2013-07-25|D
124|HE|16|If no expiry date is shown on a patient’s prescription, it is assumed to expire in|one (1) week.|one (1) month.|one (1) year.|it never expires.|如果在病人的處方上未標明保存期限，它的期限應被假設為:|一個星期|一個月|一年|永不過期|80|Y|2013-07-25|A
125|HE|17|If the number of allowable repeats is not shown on a patient’s prescription, it is assumed that there are|one (1) repeats allowed|two (2) repeats allowed|five (5) repeats allowed|unlimited repeats|如果在病人的處方上未標明允許重複續配的次數，它應被假設為：|允許配重複處方一次。|允許配重複處方兩次。|允許配重複處方五次。|無限次重複續配。|80|Y|2013-07-25|A
126|HE|18|If a dispensing practitioner is NOT certain about the identification of an herb as labelled by a supplier, then|dispense the herb based on practitioner identification|dispense the herb based on supplier identification|contact the supplier before dispensing the herb|contact the supplier after dispensing the herb|如果配藥的執業醫師不確定某種中藥的識別與供應商所貼標籤的藥名是否一致，應該|根據執業醫師的鑑定配藥|基於供應商的標籤配藥|配藥前與供應商聯繫|配藥後與供應商聯繫|80|Y|2013-07-25|C
127|HE|19|An example of a duty that a dispensing practitioner should NOT delegate to a dispensary assistant is|stocking and repackaging herbs.|weighing herbs for a prescription.|organizing packaged medications to give to the patient.|providing opinions to the patient on effective formulas.|下列哪項工作配藥執業醫師不應該委託給藥房助理？|上貨和重新分裝中藥|為處方稱量藥材|整理包裝好的藥物給病人|為病人提供有效配方的意見|80|Y|2013-07-25|D
128|HE|20|According to CITES, species that are identified as being threatened with extinction are classified as|Appendix I species.|Appendix II species.|Appendix III species.|all of the above.|根據“瀕危物種公約”，認定為瀕臨絕種的物種被分類為:|附錄I物種|附錄II物種|附錄III物種|上述所有|80|Y|2013-07-25|A
129|HE|21|CITES is an international agreement that is designed to|establish fair market value for traded wild animals and plants.|control the quality of traded wild animals and plants.|protect importers and exporters from legal actions by governments.|control trade to promote survival of wild animals and plants.|“瀕危物種公約”是一項國際協議，旨在|建立公平的野生動物和植物貿易市場價值|控制交易的野生動物和植物的質量|政府依據法律保護進口商和出口商|控制貿易促進野生動物和植物的生存|80|Y|2013-07-25|D
130|HE|22|According to CITES, Ling Yáng Ji?o (Saiga tatarica), has restrictions because|the species is extinct.|the species is currently threatened with extinction.|the species is not currently threatened with extinction, but may become so if not regulated.|the species is not currently threatened with extinction, but is under special management in some locations.|根據“瀕危物種公約”，為什麼羚羊角被限制？|物種已經滅絕|目前瀕臨絕種|物種目前尚未瀕臨滅絕的威脅，但如不規範可能會發生|物種目前尚未瀕臨滅絕的威脅，但在某些地區有特殊的管理|80|Y|2013-07-25|C
131|HE|23|Referencing the course materials (Schedule I TCM Prescription Herbs), certain herbs have restricted use.</br>Which of the following herbs have precautions but can be prescribed by any qualified Registered TCM Practitioner?|Xi Xin (Herba Asari)|Zhu Sha (Cinnabaris)|Pi Shuan (Arsenic trioxide)|all of the above|參照安全課程手冊（附表I中醫處方中草藥）某些中草藥有限制使用。</br>以下哪些藥材有禁忌，但可以由任何合格的註冊中醫師處方？|細辛|硃砂|砒霜（三氧化二砷）|上述所有|80|Y|2013-07-25|A
132|HE|24|Referencing the course materials (Schedule I TCM Prescription Herbs), certain herbs have restricted use.</br>Who has authority to prescribe the herb Shui Yin (Mercury)?|all practitioners and dispensers|a Registered TCM Practitioner (R. TCMP, R. TCM.P) is required|a Doctor of TCM is required|the herb is banned and there are no conditions when it may be prescribed|參照安全課程手冊（附表I中醫處方中草藥）某些中草藥有限制使用。</br>誰有權處方中藥水銀？|所有的執業醫師和配藥員|註冊中醫師（R. TCMP，R. TCM.P）|高級中醫師（Dr. TCM）|此中藥被無條件在任何時候禁止處方|80|Y|2013-07-25|C
133|DR|1|Which of the following is a common cause of TCM herb adverse effect?|Overdose|Poor identification of similar herbs|Improper/incorrect decocting method|All of the above.|下列何者是中藥不良反應的常見原因？|使用劑量過大|品種(基原)混淆使用，鑑別經驗不足|煎煮過程或方法不正確|以上皆是|80|Y|0000-00-00|D
134|DR|2|If you are prescribing an herb with potential toxic effect for a patient, which of the following is NOT correct?|You should start with low dose, then gradually increase the dose if patient’s condition needs it.|After the dose is increased to medium or high, if the patient does not have adverse reaction, then you can maintain the high dose for long-term use.|You should choose the herb which has been properly processed/prepared to reduce toxic effect.|Before you prescribe, you should still re-consider if there is any substitute herb with less toxic effect.|倘若在臨床上因特殊狀況而需要使用具有毒性的中藥時，下列何者不正確？|宜從最小劑量開始使用，再慢慢依照病情變化斟酌增減。|當劑量漸漸加到較大時，便可使用一段長時間而不用更換。|應該使用經過適當炮製工藝製備的藥材。|應需要確認是否有毒性較小的替代品。|80|Y|0000-00-00|B
135|DR|3|Which of the following herbs should be very carefully used and closely monitor its possible adverse effect?|Fu Zi (Radix Aconiti Lateralis Preparata)|Qian Niu Zi (Semen Pharbitidis)|Shan Dou Gen (Radix Sophorae Tokinesis)|All of the above herbs should be carefully monitored while using.|下列何者是臨床上應該特別注意觀察並防範不良反應發生的中藥？|附子|牽牛子|山豆根|以上都該注意|80|Y|0000-00-00|D
136|DR|4|Before prescribing a herbal formula to a chronic renal failure patient, what should you consider?|avoid herbs that may interfere with electrolytic balance.|avoid herbs that may increase renal secretive burden.|avoid herbs that may increase blood pressure.|All of the above herbs should be carefully monitored while using.|對慢性腎功能不全病人使用中藥時應注意什麽？|避免用影響水電解質平衡的中藥。|避免用加重腎功能負荷的中藥。|避免用能引起血壓升高的中藥。|所有以上均應注意。|80|Y|0000-00-00|D
137|DR|5|A hypertension patient is taking diuretic medication and you are aware that this diuretic drug belongs to the potassium retention category. Which one of the following herbs can cause hyperkalemia?|Kun Bu|Shan Zha|Wu Mei|Wu Wei Zi|高血壓病人正在服用保鉀利尿西藥。如果病人服用哪種中藥會引起高血鉀症？|昆布|山楂|烏梅|五味子|80|Y|0000-00-00|A
138|DR|6|Three months ago, a 48 years old overweight male patient found that his right leg was swollen with distending pain due to the long hour in a plane. A doctor diagnosis was deep venal thrombosis (DVT). Currently the patient is still taking the blood thinner called Warfarin (Coumadin). When considering herbal treatment, which group of the following herbs you should avoid?|blood-invigorating herbs|qi-tonic herbs|yin-tonic herbs|dampness-expelling herbs|一位48歲超重男性患者3個月前因長途飛行而發現有下肢疼痛，腫脹，經西醫診斷爲深部靜脈血栓形成。目前該患者正在服薄血藥華法令(Warferin)。使用中藥時應避免用哪一類的中藥？|活血藥|理氣藥|補陰藥|祛濕藥|80|Y|0000-00-00|A
139|DR|7|A 54 years old female patient caught a terrible “cold” two days ago. She is asking herbal treatment for her cold. After applying the four diagnostic methods, you learn that she has chronic cardiac condition and is taking a “heart pill”. Before giving the patient herbal prescription, what do you think the patient is taking?|antihyperglycemic drug|antibiotic drug|cardiac tonic drug|sedative drug|一位54歲女性患者因“感冒”求治于中醫。經問診得知病人患慢性心臟病，並且正在服用西藥。 在開中藥處方之前，你會考慮到病人可能服用哪類西藥？|降血糖藥|抗生素如青霉素|強心藥如地高辛|安眠藥如安定|80|Y|0000-00-00|C
140|DR|8|Which one of the following herbs you should avoid prescribing?|Gui Zhi|Xing Ren|large amount of Gan Cao|None of the above.|在下列中藥中，哪種最有可能增加西藥對心臟的毒性？|桂枝|杏仁|大量甘草|以上均不是|80|Y|0000-00-00|C
141|DR|9|A patient is suffering angina pectoris and is taking nitroglycerin at the moment. Which of the following herbs or formulas should not be combined with nitroglycerin?|Chinese medicinal alcohol|Gingseng tinctures|Ginger tinctures|All of the above.|心絞痛病人服用硝酸甘油期間不宜與下列哪些中藥合用?|中藥藥酒|人參酊（精）|生薑酊|以上均是|80|Y|0000-00-00|D
142|DR|10|Which of the following herbs can release hydrocyamic acid that inhibits the respiratory center?|Xing Ren|Tao Ren|Bai Guo|All of the above.|下面哪些中藥能産生氫氰酸而易造成呼吸中樞被抑制？|杏仁|桃仁|白果|以上均是|80|Y|0000-00-00|D
143|DR|11|A 50-year-old man comes into the office and complains of severe left lower toothache. The patient mentions that he has had toothache in the past; However, this time is very peculiar. The toothache is mainly at the left jaw and is associated with episodes of weakness and sweating and palpitation. </br>Physical exam: BP 156/90 mmHg, P.R. 88/mm, irregular. </br>Of the following possible choices, which one do you think is the most likely problem?|The patient has a dental problem. You will advise the patient to see a dentist as soon as possible.|You give him your treatment to relieve the pain and advise him to be followed up by his family doctor for medication or his dentist for dental treatment.|You ask him to see his doctor right away.|You advise him to let his family doctor know that he is on the way to the hospital.|一50歲男性病人，主訴：嚴重的右下頷牙痛，病人過去曾有牙痛史。但本次牙痛非常特別，牙痛以左顎爲主，同時見疲乏無力，汗出，心慌心悸陣作。</br>體檢：血壓156/90，脈搏88/分，心律不齊。</br>在下列可能的處理方法中，你認爲哪一選擇最爲合適？|病人有牙科疾病，你建議病人儘快看牙醫。|你首先給病人治療以緩解疼痛，然後建議他看他的家庭以生跟進或看他的牙醫治療。|你讓病人立即看他的家庭醫生。|你讓病人立即去醫院並讓他的家庭醫生知道。|80|Y|0000-00-00|D
144|DR|12|A 53-year-old female comes into the office and complains that she has been feeling dizzy, tired, thirsty, sweaty with heart palpitation for two weeks. She has yellow urine and dark stool. She saw her family practitioner twice. She stated that she has a history of hypertension, duodenal ulcer and arthritis. The patient looks pale. Her pulse is thready, fast and weak. Her blood pressure is 88/60 mmHg. Slight tenderness is felt at her right upper abdomen, without rebound tenderness.</br>In the following statem|The patient has upper gastro-intestinal tract bleeding. You advise him to let his family doctor know that he is on the way to hospital.|The patient may have Iron-deficiency anemia. You give her your prescription to tonify Qi and blood and advice her to be followed up by her family doctor for medication.|The patient possibly has Meniere disease. You give your treatment and advise her to be followed up by her family doctor.|The patient possibly has hypoglycemia. You ask her to see her doctor right away.|一53歲女性患者前來就診。患者覺頭暈，疲乏。口渴，汗出並伴有心悸兩周，尿黃，大便黑。病人承認有高血壓，十二指腸潰瘍及關節炎史。病人面色蒼白，脈搏細數而弱。</br>血壓：88/60mmHg。右上腹可見輕微壓痛，無反跳痛。</br>在下列陳述中，你認爲哪一陳述最爲恰當？|病人有上消化道出血，你建議病人馬上去醫院並告知其家庭醫生。|病人爲缺鐵性貧血，你給病人一些補益氣血藥物，並建議病人看家庭醫生以跟進。|病人有美尼爾氏病，你給病人治療，並建議其看家庭醫生跟進。|病人可能有低血糖，你讓病人立即看家庭醫生。|80|Y|0000-00-00|A
145|DR|13|A 42-year-old man comes into the office and complains about left chest pain. the chest pain has been worse lately and is associated with shortness of breath and left upper extremity pain. Breathing does not induce any chest pain; however walking fast truly aggravates the pain and shortness of breath.</br>Physical exam: BP 130/88 mmHg, P.R. 80/min., regular. Breathing sound is normal. Neck vein not engorged, carotid pulses are normal.</br>In the following statements, which one do you think is the most applicable|The patient has weakness syndrome; you will give your herb prescription and advise her to keep on exercising so that her system will get used to.|The patient has an ischemic heart disease. You ask the patient go to hospital right away.|The patient has a spontaneous pneumothorax. You ask the patient to see his family doctor right away.|The patient has intercostal neuralgia. You give her an acupuncture treatment and advise the patient not to worry.|一42歲男性患者因左胸痛前來就診。病人主訴其左胸痛近日加重，同時氣短，左上肢疼痛。胸痛並不因呼吸而加劇。快步行走時胸痛氣促加劇。</br>體檢：血壓130/88mmHg，脈搏80/分，律齊，呼吸音正常。頸靜脈未見充盈，頸動脈搏動正常。</br>在下列陳述中，哪一項最爲恰當？|病人患虛癆病，你給病人中藥治療，並讓病人堅持運動以使全身系統正常工作。|病人患虛癆病，你給病人中藥治療，並讓病人堅持運動以使全身系統正常工作。|病人有自發性氣胸，你讓病人立即去看其家庭醫生。|病人有肋間神經痛，你給病人針灸治療，並告訴病人無需擔心。|80|Y|0000-00-00|B
146|DR|14|A-35-year-old lady comes into the office and complains of left-sided headache. The headache is more severe lately. Vomiting and spells of blurred vision are also mentioned. Physical exam: BP 152/98 mmHg. P.R. 88/min, regular. No tenderness is palpable on scalp. Left pupil is slightly larger than the right. Pulses at the neck are bilaterally equal. In the following statements, which one is the most applicable?|The patient has hypertension. You give your treatment for her hypertension and advise her to follow up by her family doctor or you advise her to see her own family doctor right away.|The patient has migraine. You give your treatment for her migraine and advise the patient not to worry.|The patient has uremia. You ask the patient to go to the hospital right away.|The patient has a hypertensive crisis. You give her a referral note to see her own family doctor right away.|一35歲女性患者因左側頭痛前來就診，病人主訴左側頭痛，最近加重。病人尚述其還有嘔吐，同時伴有短暫時間的視物模糊。</br>體檢：血壓152/98mmHg，脈搏88/分，律齊，頭顱無壓痛，左側瞳孔稍大於右側，兩側頸部脈搏一致。</br>在下列陳述中，哪一點最爲合適？|病人患高血壓，你用中醫治療高血壓並讓病人看家庭醫生以跟進，或讓病人立即看其家庭醫生。|病人有偏頭痛，你用中醫治療其偏頭痛，並讓病人無需擔憂。|病人有尿毒癥，你讓病人立即去醫院急診。|病人有高血壓危象迹象，你讓病人帶著你的參考意見立即見其家庭醫生。|80|Y|0000-00-00|A
147|DR|15|A 43-year-old mother brings her 8-year-old daughter to your office and mentions that her daughter has had a fever for the last seven days. The mother has been giving her Tylenol. This morning, the girl has been coughing frequently with red sputum, sweating and swelling in both ankles.</br>Physical examination: R.R. 32/min, P.R. 110/min.neck vein slight engorged. Both ankles swollen. Auscultation: moist rale and wheezing sound on both lower chests.</br>In the following statements, which one is the most appli|The patient has acute heart failure. Call the ambulance right away.|The patient has pneumonia. Call the ambulance right away.|The patient has acute nephritis. Call the ambulance right away.|The patient has acute bronchiectasis. You advise the mother to see the family doctor with her daughter as soon as possible.|一43歲的母親，將其8歲女兒帶來就診，主訴患兒發熱7天。其母親一直給患兒服用Tylenol。本日早晨，其女兒頻頻咳嗽並咯紅痰，汗出，雙側踝部腫脹。</br>體檢所見：呼吸32/分，脈搏110/分。頸靜脈微張，雙踝腫脹。聽診：雙肺底部見濕羅音及哮鳴音。</br>在下列陳述中，哪一項最爲恰當？|病人急性心力衰竭，立即叫救護車。|病人患有急性肺炎，立即叫救護車|病人有急性腎炎，立即叫救護車。|病人有急性支氣擴張，建議病人母親帶其女兒儘快看其家庭醫生。|80|Y|0000-00-00|A
148|DR|16|A 35-year-old lady comes to your clinic and complains of left-side headache. The headache is more severe lately. Vomiting and spells of blurred vision are also mentioned.</br>Physical exam: BP 152/98 mmHg, P.R. 88/min, and regular. No tenderness is palpable on scalp. Left pupil is slightly larger than the right. Pulses at the neck are bilaterally equal. You will:|Give her analgesics.|Give herbs to improve her circulation.|Give her acupuncture and massage therapies.|Give her a referral note to see her family doctor.|一位35歲女士前來就醫，主訴：左側頭痛，且近來加劇。尚述及有嘔吐和一陣陣視力模糊。</br>體檢：血壓152/98毫米汞柱，脈搏88次∕分，節律整齊。頭部觸診無壓痛。左側瞳孔較右側稍大。頸動脈搏動雙側一致。</br>作為一名中醫師，你應該採取的最好措施是：|給她止痛劑。|給她改善血液循環的中藥。|給她做針灸和按摩治療。|給她一封轉診便函，讓她去看自己的家庭醫生。|80|Y|0000-00-00|D
149|DR|17|A 60-year-old lady with 16 years history of Type II diabetes complains of severe pain of the right lower extremity for 3 days and is worsening today.</br>Physical exam: B.P. 150/80 mmHg, P.R. 84/min, regular. Left leg is warm with good pedal pulses. Right leg is cold, cyanotic and pedal pulses are absent.</br>You will:|Give herbal medicine to improve blood circulation.|Give a referral for massage therapy.|Give acupuncture treatment.|Advise patient to go to the emergency room right away.|患者，女性，六十歲，既往有II型糖尿病史十六年，主訴：嚴重右下肢痛三天﹐加劇一天。</br>體檢：血壓150/80毫米汞柱，脈搏84次∕分﹐節律整齊。左腿溫暖，足背動脈搏動良好。右腿冷，紫紺，足背動脈搏動消失。</br>你認為最恰當的處理應當是﹕|給病人服用中藥，以改善血液循環。|轉診病人去作按摩治療。|給病人做針灸治療。|馬上轉診病人去看家庭醫生或去看急診。|80|Y|0000-00-00|D
150|DR|18|For suspected bone fracture, you should always refer the patient to see their family physician to obtain an X-ray. Meanwhile, you may manage the injury by advising the patient to follow the R-I-C-E principle of:|Rest, ice, compression, exercise|Rest, ice, calm, evaluate|Rest, ice, compression, elevation|Rest, ice, calm, elevation|如果判斷病人的疾病有可能是骨折，你應該建議病人轉診他的家庭醫生進行X光檢查。同時你可以建議病人在處理受傷情況時遵循以下哪種原則：|休息、冰敷、包紮、運動|休息、冰敷、安靜、評估|休息、冰敷、包紮、擡高|休息、冰敷、安靜、擡高|80|Y|0000-00-00|C
151|DR|19|A working title, like “Doctor of TCM”, is a privilege granted to a qualified person who may use the title:|for life since her has received the title already.|as long as the person is in good standing with the regulatory college.|as long as the person is practising TCM.|as long as the person is still residing in British Columbia.|合格醫師一旦獲取如“註冊高級中醫師(doctor)”的職銜，可使用多久？|既然他已經獲取職銜，可以終生使用。|只要他在管理局能繼續續牌。|只要他仍是中醫。|只要他住在卑詩省。|80|Y|0000-00-00|B
152|DR|20|Each practitioner must practise within the scope of practice associated with a title because:|otherwise it is hard for government to plan for insurance reimbursement.|public would be confused.|you are only evaluated and approved for the works inside the scope.|you are taking business away from another profession.|各執業人員必須在其所持執照所規定的執業範疇内行醫。原因是：|否則政府很難確定保險計劃。|否則公衆會混淆不清。|你在申請執照時，中醫管理局是按照此執業範疇對你的申請進行評估並批准你只可在此範疇内行醫。|否則你可能會從其它行業搶走生意。|80|Y|0000-00-00|C
153|RE|1|The mandate of the college of Traditional Chinese Medcine Practitioners and Acupuncturists of British Columbia (CTCMA) is to:|approve and legitimize the practice of TCM and acupuncture|serve and protect the interest of the TCM/acupuncture profession|serve and protect the public|establish TCM/acupuncture standards|卑詩省中醫針灸管理局的首要任務是：|管理並規範中醫針灸專業|服務並保護中醫針灸專業之利益|服務並保護社會大衆|建立中醫針灸規範|80|Y|0000-00-00|C
154|RE|2|A registered Acupuncturist or a Registered TCM Herbalist may treat an active serious medical condition provided the client:|Has consented to the treatment|Has given a written consent to the treatment|Has consulted with a registered Doctor of TCM about the condition|Is not in immediate danger from the condition|註冊針灸師 (Registered Acupuncturist)或註冊中藥師 (Registered TCM Herbalist)在下列哪一種情況下可以允許處理病情危殆的病患~|在患者同意接受治療的情況下即可|在患者同意接受治療並簽了同意書的情況下即可|在向註冊高級中醫師 (Doctor of TCM)就該患者之病況進行諮詢與討論後即可|只要認爲該患者之病況並非有立即的危險即可|80|Y|0000-00-00|C
155|RE|3|In British Columbia, the College of Traditional Chinese Medicine Practitioners and Acupuncturists of British Columbia (CTCMA) may impose penalty on its registrants that may include:|A fine of up to $35000, or suspension of up to a year|A fine of up to $35000 and permanent suspension|A fine of up to $35000 and temporary suspension for a specified period|A fine of up to $50000 and permanent suspension|在卑詩省，CTCMA(卑詩省中醫針灸管理局)依照法規，可以對其註冊的針灸師與中醫師實施處分，其最高處罰可達~|罰款三萬五千加元，或是吊銷其執照一年|罰款三萬五千加元，並永久吊銷其執照|罰款三萬五千加元，並在一定時間內暫時吊銷其執照|罰款五萬加元，並永久吊銷其執照|80|Y|0000-00-00|B
156|RE|4|Which of the following group is the most relevant in judging the quality and standard of a TCM practitioner in British Columbia?|CTCMA (the college)|The BC Ministry of Health|Patients and the general public|TCM schools|下列哪一方與評判卑詩省中醫執業醫師專業質量和標準最有關聯？|卑詩省中醫針灸管理局（CTCMA）|卑詩省衛生部|病人和公衆|中醫院校|80|Y|0000-00-00|A
157|RE|5|Which registrants of the CTCMA are entitled to call themselves “Doctor”?|All registrants of the CTCMA|Registrants who are R.TCM.P. or Dr. of TCM|Those registrants who are Registered Doctors of TCM|Registrants who completed a Ph.D. in TCM in China|卑诗省中医管理局注册成员中哪些人可以自称为“Doctor”？|所有注册成员|注册中医师（R.TCM.P）或者注册高级中医师（Dr. of TCM）|注册高级中医师（Dr. of TCM）|在中国取得中医博士学位的注册成员|80|Y|0000-00-00|C
158|RE|6|According to the Health Professions Act of BC, the Registrar of CTCMA or his appointed investigator may, during regular business hours, investigate or examine without a court order, a registrant’s practice including|Premise, equipment and materials|Records|The practice of TCM/Acupuncuture performed by or under the supervision of the registrant|Pertaining to all of the above|根據卑詩省醫療專業管理法規(the Health Professions Act of B.C.)的規定，中醫針灸管理局(CTCMA)的註冊總監(registrar)或是由其所指派的調查人員，可以不經法院許可，于一般工作上班時間，對其註冊之中醫及針灸執業醫師進行下列何者的調查或檢查？|開業場所、儀器設備及相關藥品耗材|病歷紀錄|該醫師監督負責下的醫療行為|所有上述者皆可|80|Y|0000-00-00|D
159|RE|7|A company known to produce a very effective patient formula drug wishes to introduce the products to your patients free of charge. You have prescribed this product to your patients in the past and you believe that many of your patients will benefit in using the drug. Under these circumstances, you may:|Release the patients’ names and addresses to the company for mailing and charge a fee|Release only the patients’ addresses to the company for mailing and charge a fee|Release only the patients’ addresses to the company for mailing and not charge a fee|Not release anything|一個知名的中成藥公司生產了一個品質療效均不錯的產品，請你協助推廣。該公司願意免費提供該產品給你的患者服用。你先前已經使用過該產品，你也認為你的許多病人會因此而受益。在依照管理局的行醫守則的情形下，你可以如何協助該公司的行銷計劃？|把病人的地址與電話提供給該公司作郵寄廣告單之用，並向該公司收取一些費用|只把病人的地址提供給該公司作郵寄廣告單之用，並向該公司收取一些費用|只把病人的地址提供給該公司作郵寄廣告單之用，但不收取任何費用|以上均不可|80|Y|0000-00-00|D
160|RE|8|Penalty imposed by the Disciplinary Committee on registrants of the College of Traditional Chinese Medicine Practitioners and Acupuncturists of British Columbia (CTCMA) is enforceable by law and may only be overturned by:|The Board of the College|The Ministry of Health|The Provincial Government of British Columbia|The Supreme Court of British Columbia|由中醫針灸管理局“紀律委員會”對執業中醫師所裁定的處分，只有下列哪一單位可依法律程序改變其裁定？|中醫針灸管理局理事會|政府衛生部|卑詩省省政府|卑詩省高等法院|80|Y|0000-00-00|D
161|RE|9|A registered acupuncturist or a registered TCM herbalist must advise the client, when there is no improvement after two months of treatment, to consult:|Another registered acupuncturist or a TCM herbalist|Either a registered medical practitioner, naturopath or dentist or doctor of traditional Chinese medicine|Both a registeredmedical doctor and a registered doctor of TCM|The health insurance plan that has been covering the treatment|一位註冊針灸師(Registered Acupuncturist)或註冊中藥師(Registered TCM Herbalist)在其對患者治療兩個月而無任何好轉的情形下，必須建議患者去諮詢：|另一位註冊之針灸醫師 或 中藥醫師|一位註冊之西醫師,自然療法師，牙醫或一位高級中醫師|一位註冊之西醫師(Physician) 及 一位高級中醫師(Dr. of TCM)|一直負擔該患者治療之保險單位|80|Y|0000-00-00|B
162|RE|10|Privacy of medical records is an important role of Registrants of the CTCMA. Who is entitled to obtain information about a patient , from his/her patient records from a Registrant?|Only the patient|Any medical profession who is treating the patient|The spouse of the patient|Anyone that the patient authorizes in writing|保護病人醫療記錄的隱私性是卑詩省中醫針灸管理局註冊成員的一項重要職責。下列選項中，誰有權從註冊成員處取得病人醫療記錄資訊？|只有病人本人|其他治療該病人的健康專業人士|病人配偶|病人書面授權的任何人|80|Y|0000-00-00|D
